{"cameraMode":{"drawMode":0,"name":"Shaded","section":"Shading Mode"},"sceneLighting":false,"audioPlay":false,"sceneViewState":{"showFog":true,"showMaterialUpdate":false,"showSkybox":false,"showFlares":true,"showImageEffects":true,"showParticleSystems":true},"in2DMode":false,"pivot":{"x":-15.838793754577637,"y":0.41826170682907107,"z":5.206962585449219},"rotation":{"x":-0.5331438779830933,"y":-0.020801525563001634,"z":0.013113589026033879,"w":-0.8456713557243347},"size":1.4884958267211915,"orthographic":true}